,angle
0,174.986350187174
1,171.46384819006502
2,92.69388756253102
3,113.59025643371913
4,161.80173069669885
5,134.78165201458543
6,178.9687361391204
7,136.06381091571686
8,168.69829507711887
9,165.5673365466792
10,104.04627387434985
11,97.77794588170899
12,109.18648867407762
13,144.16607258289105
14,116.45861557984828
15,173.90386472052853
16,175.313236771745
17,173.01727520278408
18,113.02742038638962
19,101.73359711064944
20,89.8680563463958
21,131.98080642266174
22,105.7200175784063
23,178.03020176071573
24,167.00973813468056
25,174.37448036171924
26,109.11389423873692
27,103.93542071991216
28,95.5570233110106
29,134.42384043506289
30,106.86215349466794
31,175.08328867478585
32,176.8203766792066
33,174.70498877608551
34,100.18916160007205
35,97.93424262303606
36,108.4423525765508
37,138.67414989575977
38,104.48727121862476
39,178.43581020624626
40,173.946820467395
41,172.82264558914042
42,87.1644058920601
43,109.77566133130273
44,125.95116733519029
45,73.4075131704429
46,177.69893579259067
47,95.83345128299312
48,175.7081980412592
49,178.36039038622675
50,75.78132972246216
51,85.9352748631758
52,138.797289571833
53,125.01333565390794
54,173.7760251120129
55,131.8970223994269
56,172.68284981113197
57,155.72532818740532
58,123.93262538993062
59,100.89522246867757
60,83.158828225864
61,114.47775888932821
62,112.51624228531482
63,174.4346868315851
64,174.76330766174212
65,166.11522119479994
66,100.70605746750905
67,94.51111689159943
68,113.12735103831646
69,146.2389544120505
70,97.82727390294593
71,168.75034974367776
72,179.06448188619024
73,178.94758206849454
74,102.40786411624657
75,99.30595923947334
76,84.87802800787199
77,118.00428600249116
78,100.63413231328843
79,178.6570143184556
80,161.48638165587593
81,
82,173.44750421928813
83,
84,132.90213404187892
85,104.07277302618922
86,172.37985827916174
87,99.98203995125652
88,31.28680704707148
89,175.88726572149716
90,36.854543367403565
91,145.12380157699937
92,113.27704211203991
93,109.52462038409945
94,179.56798264668637
95,112.55422281026765
96,163.2387658344714
97,166.36250795450547
98,89.23611464610167
99,98.73884204673757
100,109.249567980455
101,143.18503378600013
102,117.58313312167931
103,172.59816906797397
104,157.12822325541126
105,160.38303113474294
106,101.34831203257784
107,65.42653959696852
108,112.77859630067715
109,148.9140204706
110,110.00466625112051
111,178.01980276114392
112,171.87780903847604
113,171.0741732482031
114,99.32109008543938
115,82.46112690016162
116,90.74517099640997
117,127.37879377616314
118,100.8073799016302
119,176.5478043388094
120,173.44758595029458
121,165.37233447602298
122,96.48831123932985
123,94.91941964240712
124,95.00212986634295
125,132.78429617631485
126,100.96805620286123
127,173.82599306287173
128,157.27105294019455
129,
130,163.22823619884394
131,
132,93.50140269006778
133,127.99044169058249
134,96.86932987736549
135,176.94035710746752
136,173.02693864715982
137,179.0919903913329
138,119.05550730085145
139,93.83690355655227
140,155.78495344456036
141,130.250171269213
142,173.90825319655642
143,133.207630491702
144,174.2456098942268
145,179.90247730063294
146,99.07474483344649
147,91.95090219959557
148,109.61913671211977
149,88.74574124100756
150,176.00572603891843
151,100.82606567930424
152,177.45031783208796
153,174.59882552760138
154,110.0209011768124
155,95.7800020081612
156,109.87925811748849
157,140.99994282344178
158,122.54275275740991
159,178.70235927559224
160,171.85370192779996
161,175.47883505812706
162,96.41202676634335
163,93.73983536323452
164,94.06103634105366
165,126.41039713632895
166,98.95312551829005
167,177.04463548553576
168,175.86051922474078
169,177.90515697709736
170,93.35421638682243
171,106.5301712818081
172,150.99214470457937
173,115.19099070960786
174,179.21285334922763
175,118.4424652792448
176,172.81736340827237
177,171.89422626963884
178,97.32632376782047
179,98.35005219630526
180,111.338926508767
181,147.91380157590106
182,127.68747194766534
183,173.98235368483085
184,172.62996032010787
185,176.22891853323145
186,104.3797787288085
187,100.07583740272125
188,87.92786354590186
189,131.39921605019785
190,93.3755742335466
191,175.68160960634228
192,162.37810729792693
193,171.04649168020487
194,100.57120954125601
195,84.24264525434599
196,84.79308268376263
197,123.10598143399757
198,102.3946081718038
199,175.57485529540898
200,176.61628297929002
201,179.07121482167688
202,89.99629051864235
203,111.89067714173814
204,128.73882890399895
205,88.91447602548226
206,177.47458823420595
207,112.53570882277
208,173.7061507206162
209,174.99513231536505
210,98.06441466771014
211,92.74088802134246
212,75.60761402886892
213,109.39652676275081
214,86.93855354473551
215,161.23997089678923
216,167.04956321388016
217,174.72092841923583
218,91.78451547655656
219,112.04454278328694
220,142.0274218968304
221,88.05696051482654
222,169.49719978687978
223,98.00629395620848
224,178.06535006338666
225,176.28699713500987
226,100.13508419007036
227,100.0976343221212
228,132.94541580292216
229,102.65566634821595
230,173.85482300581262
231,99.17574425402313
232,171.70783311725324
233,167.2824554692404
234,97.21412737649473
235,99.27025786091511
236,99.71931455225331
237,127.58863199574522
238,105.76668587295165
239,176.52298840656593
240,175.7081980412592
241,178.36039038622675
242,75.78132972246216
243,85.9352748631758
244,138.797289571833
245,125.01333565390794
246,173.7760251120129
247,131.8970223994269
248,168.79209372308853
249,172.64444026928072
250,82.40348152725467
251,79.29533338981044
252,139.4533622585488
253,145.983294124909
254,145.77199185061954
255,163.6086187428962
256,176.61628297929002
257,179.07121482167688
258,89.99629051864235
259,111.89067714173814
260,128.73882890399895
261,88.91447602548226
262,177.47458823420595
263,112.53570882277
264,171.70783311725324
265,167.2824554692404
266,97.21412737649473
267,99.27025786091511
268,99.71931455225331
269,127.58863199574522
270,105.76668587295165
271,176.52298840656593
272,69.8333732033155
273,70.0095496670761
274,22.166369363713883
275,21.35287754192714
276,107.70947432045332
277,137.17233722342965
278,113.65008828529524
279,178.9838627259599
280,178.60702543951152
281,178.8242866478398
282,92.9260692291561
283,105.46314006205654
284,145.07825677266405
285,104.9394852905103
286,174.78216558439362
287,111.5255229218493
288,178.06535006338666
289,176.28699713500987
290,100.13508419007036
291,100.0976343221212
292,132.94541580292216
293,102.65566634821595
294,173.85482300581262
295,99.17574425402313
296,173.7061507206162
297,174.99513231536505
298,98.06441466771014
299,92.74088802134246
300,75.60761402886892
301,109.39652676275081
302,86.93855354473551
303,161.23997089678923
304,167.04956321388016
305,174.72092841923583
306,91.78451547655656
307,112.04454278328694
308,142.0274218968304
309,88.05696051482654
310,169.49719978687978
311,98.00629395620848
312,174.83735877092812
313,177.06333429264376
314,100.27645803608095
315,107.34024777610514
316,143.43962528014552
317,110.28738753356579
318,175.86805826880214
319,124.18717647333165
320,176.93684467058722
321,117.16019965104175
322,95.45907021563121
323,23.38110638027842
324,114.0882503243675
325,159.8264780050012
326,121.81370018836114
327,143.07164467224683
328,177.71643085189376
329,167.51633564560882
330,104.91769052132085
331,94.61470791941363
332,90.27882838948585
333,134.008738153495
334,99.65191415714762
335,176.30702256483585
336,172.73451873854466
337,169.9055470477011
338,88.42347443579025
339,88.59308557814687
340,134.2323645012695
341,94.51357445603169
342,177.9680462435759
343,101.9942282323318
344,
345,172.36468826570723
346,
347,173.87175807350314
348,100.19179111090864
349,139.83755861562872
350,91.08401089205488
351,172.65991628977955
352,171.54745553568947
353,171.9490429600605
354,50.656445438286404
355,127.46271203264723
356,133.4465092121426
357,103.96480837588251
358,175.5551995119495
359,109.28732599290815
360,169.11114478949875
361,176.3644354698587
362,163.1867367915333
363,56.67986691890303
364,130.830378836522
365,82.52715310798169
366,67.03861271223946
367,175.83026486133681
368,176.30414275679274
369,172.62972861712527
370,60.700329279796165
371,136.7565116755791
372,36.467298123530156
373,176.76698102698637
374,106.84877900727388
375,161.0743783555883
376,171.255573614782
377,
378,165.6114633402208
379,
380,148.96301322345045
381,132.5893107316549
382,171.48356141038525
383,128.85279700232974
384,170.9446943826346
385,170.90315671867415
386,102.58218358839156
387,92.16039442424393
388,92.9029769975603
389,139.2224689694136
390,97.63117514406619
391,175.9215202207391
392,171.74141748401397
393,172.61360687059118
394,105.78238840463644
395,97.5464738185377
396,113.03595550318116
397,149.6337339924796
398,116.9968253277523
399,169.10650130109786
400,165.5570287043119
401,173.30009067580417
402,166.95579770504494
403,23.15934863773387
404,112.90416583700235
405,118.85258577370958
406,107.01412019047144
407,178.99519051818524
408,164.74896767637605
409,177.25223467626645
410,95.28144137263075
411,82.19685841560083
412,105.13087109786483
413,140.96075988376407
414,113.96058535419795
415,169.27044068387121
416,178.354367660809
417,173.1823743162462
418,108.72279290175183
419,99.77002187009478
420,103.11201209641831
421,135.17535578372863
422,111.1050830825364
423,179.54036417902094
424,174.13751309640608
425,166.30912305172924
426,94.02661099203948
427,97.64009945194661
428,154.22609033676073
429,119.60033710548407
430,168.57193531315892
431,124.62326607509632
432,171.2615467513093
433,178.25647289638187
434,93.47659972323015
435,98.86777329302677
436,141.2857697195085
437,99.16023431559613
438,175.40466273496787
439,104.34510332106035
440,173.4556709554869
441,173.18249018731186
442,74.22747479376255
443,63.24247703888837
444,104.20502681790973
445,145.6089803472384
446,115.18962412254423
447,174.74055627797847
448,172.36175357995424
449,167.61001388266962
450,102.57447708665956
451,97.87699673269066
452,114.91650923907653
453,141.60285902348653
454,111.26209701720244
455,174.28778715215938
456,179.03214714540053
457,175.9043358839394
458,101.61870162225199
459,107.10933350122598
460,149.38427003021198
461,131.75641268427245
462,178.0588492357627
463,132.9752706400573
464,171.255573614782
465,
466,165.6114633402208
467,
468,148.96301322345045
469,132.5893107316549
470,171.48356141038525
471,128.85279700232974
472,171.74141748401397
473,172.61360687059118
474,105.78238840463644
475,97.5464738185377
476,113.03595550318116
477,149.6337339924796
478,116.9968253277523
479,169.10650130109786
480,165.5570287043119
481,173.30009067580417
482,166.95579770504494
483,23.15934863773387
484,112.90416583700235
485,118.85258577370958
486,107.01412019047144
487,178.99519051818524
488,178.354367660809
489,173.1823743162462
490,108.72279290175183
491,99.77002187009478
492,103.11201209641831
493,135.17535578372863
494,111.1050830825364
495,179.54036417902094
496,170.9446943826346
497,170.90315671867415
498,102.58218358839156
499,92.16039442424393
500,92.9029769975603
501,139.2224689694136
502,97.63117514406619
503,175.9215202207391
504,171.2615467513093
505,178.25647289638187
506,93.47659972323015
507,98.86777329302677
508,141.2857697195085
509,99.16023431559613
510,175.40466273496787
511,104.34510332106035
512,174.13751309640608
513,166.30912305172924
514,94.02661099203948
515,97.64009945194661
516,154.22609033676073
517,119.60033710548407
518,168.57193531315892
519,124.62326607509632
520,173.4556709554869
521,173.18249018731186
522,74.22747479376255
523,63.24247703888837
524,104.20502681790973
525,145.6089803472384
526,115.18962412254423
527,174.74055627797847
528,172.36175357995424
529,167.61001388266962
530,102.57447708665956
531,97.87699673269066
532,114.91650923907653
533,141.60285902348653
534,111.26209701720244
535,174.28778715215938
536,179.03214714540053
537,175.9043358839394
538,101.61870162225199
539,107.10933350122598
540,149.38427003021198
541,131.75641268427245
542,178.0588492357627
543,132.9752706400573
544,172.63639899003985
545,177.52235467467298
546,106.92996534793568
547,93.1116094261816
548,76.50324317424668
549,113.99713823523064
550,93.0341548203282
551,179.22514935099593
552,165.49943905455066
553,63.86952070053529
554,144.91026854467933
555,31.403114792148106
556,103.46843358634173
557,132.83846489315206
558,138.86337242084943
559,176.87904539805243
560,171.84327903236783
561,179.4159596687301
562,97.20504122268316
563,86.22385558439466
564,100.47736755699833
565,131.47917486763697
566,107.14184487160743
567,178.51516238890056
568,176.9682247027819
569,177.66127979349
570,90.76576043424379
571,70.03043615213531
572,111.13550973843249
573,161.3512293051397
574,112.52313071194857
575,172.13261318411426
576,168.9430047999997
577,167.68533812955621
578,103.44913156511973
579,90.18252374227545
580,119.62633635913
581,139.14643308960214
582,121.79652697176402
583,167.24654219242274
584,171.940769008187
585,177.43025348018085
586,89.62498210140333
587,96.90292693629686
588,126.23611241520811
589,70.06229933854301
590,177.04655780292487
591,87.88538559411924
592,153.547128210179
593,163.52141686527943
594,76.79473209702915
595,86.66489721667548
596,113.80049939031005
597,140.64452562118106
598,113.68582029882378
599,176.49927899161784
600,164.0558580005317
601,172.47891267707595
602,103.03312444407237
603,119.72129498621524
604,141.13659632623896
605,92.03579181766763
606,175.23776661903244
607,99.69570745715282
608,167.20451072460415
609,159.89002544528924
610,74.69166555059617
611,86.96804999794504
612,141.3835796596907
613,94.93578880096686
614,177.473407698287
615,98.54229909210454
616,170.89320310818903
617,174.5269316378567
618,102.70981714054403
619,77.4255164212005
620,101.5644738765323
621,139.6727372495519
622,117.15327690966387
623,178.68820961855397
624,158.79418958213014
625,164.44287778159477
626,89.84381231367114
627,89.21729381477162
628,102.90273544152029
629,135.9738997337632
630,118.74398012675829
631,174.6376512171856
632,178.7004874378775
633,174.9392771459351
634,95.47991607591312
635,105.57359397873479
636,119.41219654414496
637,84.73563487627356
638,175.70234961768895
639,107.21422176363606
640,
641,
642,
643,26.473846530335152
644,165.5525923802062
645,12.861598610452988
646,175.75933401945676
647,106.1596624517295
648,
649,171.09037988575602
650,
651,168.61847855184587
652,113.98543995657008
653,125.15532903032467
654,120.25522219191068
655,178.8888673533609
656,176.2048023260531
657,174.5210178941425
658,89.69339678857435
659,115.18804798179113
660,109.53750788338829
661,118.68388717194486
662,109.75310576388924
663,174.10639405267077
664,175.6979399906075
665,175.3258446223886
666,106.6024348360614
667,83.01234665994123
668,92.48722298391664
669,124.79626027255857
670,104.55047131147525
671,173.5513912940714
672,159.77199751633165
673,179.88403322290355
674,109.78920672774348
675,116.95627317707395
676,137.07981448761183
677,110.28018431649613
678,175.0866147240235
679,108.7858094100389
680,177.41464587410115
681,177.1622228016677
682,103.0367066963766
683,95.89573231653277
684,89.69091657498842
685,132.39108834542643
686,103.29914549619203
687,177.3559992662736
688,166.33033947319177
689,168.6699763492481
690,91.50338147284083
691,85.125997489347
692,133.11738151897922
693,142.54519053706647
694,128.2202521740983
695,176.44483726664646
696,156.57445227280215
697,175.19838053717805
698,175.65508523976962
699,37.11693022526656
700,113.43411233717646
701,106.6559675474152
702,109.2809693967702
703,168.530865643688
704,171.2173944831782
705,166.45634180836862
706,109.71127345518968
707,94.5386738783797
708,114.57516049959537
709,142.44543223283247
710,131.69314341601626
711,173.66265840716903
712,176.62981252958306
713,178.72189384523645
714,106.13618087157204
715,88.61141871069059
716,72.50583229884337
717,124.24872274192285
718,92.21775534602135
719,171.1352900514206
720,174.23296145847203
721,174.05382555716565
722,101.83434307205636
723,94.43520208172889
724,84.22592982786267
725,133.80567517738518
726,103.5370159736424
727,175.73602186347327
728,172.51847330071814
729,172.3068631880236
730,80.68459524107031
731,95.47899443717432
732,139.78545423615486
733,98.62274339294035
734,176.58902769151234
735,102.65469392317061
736,175.2636728171424
737,
738,171.87610588981164
739,
740,97.44323078764069
741,131.5567038736005
742,97.84744227683797
743,168.57419757755594
744,168.4838181528287
745,158.45959482510003
746,99.12836070987066
747,90.73055054447256
748,151.19306285229595
749,95.74309991628508
750,155.68831565199082
751,106.44700478230456
752,176.93684467058722
753,117.16019965104175
754,95.45907021563121
755,23.38110638027842
756,114.0882503243675
757,159.8264780050012
758,121.81370018836114
759,143.07164467224683
760,165.21948288760248
761,
762,159.9585380717828
763,
764,101.47304243125902
765,166.75153266931625
766,171.9623596929791
767,172.89093606354277
768,179.0592346618709
769,173.57248143670517
770,93.0097261796083
771,114.54771762327852
772,142.44020757299003
773,105.41999417784032
774,177.33563123252353
775,118.29907633441655
776,179.26717010368458
777,176.95319780107366
778,118.90248311329577
779,71.2415194332857
780,98.75011107749043
781,146.25709561293226
782,105.59793592153311
783,179.61376674477222
784,173.15690132019574
785,168.2371743081981
786,112.77405600480904
787,105.34655935653798
788,117.37102319505428
789,138.4716021032814
790,113.71927773462227
791,179.7364623379023
792,
793,174.62564566985887
794,
795,176.0571640508406
796,154.5282263012961
797,171.70571733841172
798,143.3448559016925
799,146.5312417590369
800,171.940769008187
801,177.43025348018085
802,89.62498210140333
803,96.90292693629686
804,126.23611241520811
805,70.06229933854301
806,177.04655780292487
807,87.88538559411924
808,
809,170.49528677199754
810,
811,30.41533144337547
812,126.9355256782602
813,136.39102602936924
814,177.96145949478387
815,164.38182891332158
816,176.21458257964517
817,178.870903076215
818,108.1056028562013
819,78.17913985157807
820,94.8851279568608
821,144.45187043982412
822,105.55314811529766
823,178.25860233000645
824,174.20163370877623
825,177.76373399522168
826,92.52542262545819
827,102.40645158147281
828,102.97912295080579
829,123.50673410080923
830,115.93711564132589
831,169.78649705461027
832,162.37810729792693
833,171.04649168020487
834,100.57120954125601
835,84.24264525434599
836,84.79308268376263
837,123.10598143399757
838,102.3946081718038
839,175.57485529540898
840,174.78402840212095
841,178.43549736322436
842,96.2063016203831
843,103.88385592799287
844,115.43969332958252
845,138.23140003345785
846,118.67017882276167
847,174.9828315790789
848,175.2636728171424
849,
850,171.87610588981164
851,
852,97.44323078764069
853,131.5567038736005
854,97.84744227683797
855,168.57419757755594
856,174.2456098942268
857,179.90247730063294
858,99.07474483344649
859,91.95090219959557
860,109.61913671211977
861,88.74574124100756
862,176.00572603891843
863,100.82606567930424
864,177.45031783208796
865,174.59882552760138
866,110.0209011768124
867,95.7800020081612
868,109.87925811748849
869,140.99994282344178
870,122.54275275740991
871,178.70235927559224
872,174.60798355760105
873,176.43930566489425
874,108.32721985145025
875,103.62859188731237
876,115.26513261746496
877,101.1712068218122
878,176.77929519719186
879,110.15618538598696
880,174.07143845572136
881,166.29447461230728
882,68.01682161156064
883,160.8511646623392
884,147.24800302102636
885,166.63421312730594
886,95.12790273876402
887,149.13824567533499
888,160.93935004888496
889,168.12015006933996
890,71.77125746032826
891,86.06720898824757
892,152.5089549731852
893,128.07622067926755
894,174.3943217581491
895,137.53996570481425
896,
897,174.5193290532372
898,
899,171.76680019485107
900,121.47385643742021
901,137.03969672543207
902,125.9852511520313
903,177.2376058604154
904,177.2524343718139
905,174.85253465580212
906,105.95544122620979
907,86.35231045870428
908,114.14800680433069
909,148.29035809814664
910,124.52103302825812
911,178.43828936359563
912,176.7796051134631
913,173.30925517723932
914,106.60012877085725
915,102.3277848090279
916,82.480195718515
917,108.85869723658516
918,96.50721301637616
919,178.62622515582422
920,128.65642209216824
921,145.3483363516842
922,36.639397598477515
923,90.38547633894355
924,157.69693092098902
925,134.09331105611002
926,170.68319825790374
927,149.05438462252016
928,172.81736340827237
929,171.89422626963884
930,97.32632376782047
931,98.35005219630526
932,111.338926508767
933,147.91380157590106
934,127.68747194766534
935,173.98235368483085
936,172.62417624614028
937,160.44115921949538
938,100.34505336695241
939,89.72825888885473
940,86.95819837396249
941,139.84262317760465
942,94.12377626866059
943,173.04602770885856
944,167.67481019674526
945,164.0290945736335
946,84.37442409441668
947,99.52375113978206
948,128.48009013569774
949,93.13013885226496
950,175.48474620257244
951,98.35949168517146
952,175.81910118496765
953,176.94325648363238
954,92.89396807519691
955,93.23365099865278
956,103.84326014301158
957,125.72655545164261
958,106.38444901848712
959,177.12811841888828
960,170.11037601440523
961,153.0730966637172
962,143.28331093904617
963,131.90011540879223
964,111.44835356929798
965,174.8515866561288
966,178.82829221834092
967,127.67201923472058
968,169.97333813776456
969,155.72098355417205
970,168.7264904857195
971,172.07704063109782
972,119.25434164820203
973,109.06644333468685
974,77.39810205428545
975,84.95499822579455
976,172.12922743978015
977,
978,178.6827806793165
979,
980,126.20889559428099
981,131.110904698253
982,121.81520465604916
983,166.7269671665745
984,174.13751309640608
985,166.30912305172924
986,94.02661099203948
987,97.64009945194661
988,154.22609033676073
989,119.60033710548407
990,168.57193531315892
991,124.62326607509632
992,179.61669801011067
993,
994,158.83206601089242
995,
996,141.39768126280052
997,126.50378668540824
998,178.84150611095873
999,116.48707493573716
1000,
1001,175.8511184019649
1002,
1003,62.11392534381443
1004,
1005,82.1758999319467
1006,
1007,177.95250443784772
1008,171.255573614782
1009,
1010,165.6114633402208
1011,
1012,148.96301322345045
1013,132.5893107316549
1014,171.48356141038525
1015,128.85279700232974
1016,160.6674227755979
1017,173.6445460452493
1018,173.7243885879711
1019,18.819712399270188
1020,128.80207048139377
1021,131.20433738503382
1022,119.19551834870505
1023,178.62770232762142
1024,156.55302423675428
1025,157.48242182646442
1026,79.62357499372008
1027,85.73267717833698
1028,131.69988705992165
1029,148.1407062470787
1030,137.91145527902535
1031,177.7447669389395
1032,172.38315430777388
1033,179.27085706837067
1034,102.49348792838322
1035,94.68918258159805
1036,118.91135405484997
1037,147.15317746295702
1038,121.99531204735597
1039,177.22967901794647
1040,176.62981252958306
1041,178.72189384523645
1042,106.13618087157204
1043,88.61141871069059
1044,72.50583229884337
1045,124.24872274192285
1046,92.21775534602135
1047,171.1352900514206
1048,165.90221754948237
1049,179.2914718676568
1050,105.13343121364198
1051,101.82702627999164
1052,120.46858699963994
1053,149.01109389227292
1054,125.2489429960373
1055,162.02426542957738
1056,
1057,159.7133603931164
1058,
1059,163.76977385206578
1060,125.33944512066012
1061,113.21830229941561
1062,98.01018976934077
1063,171.17806676122038
1064,171.87780903847604
1065,171.0741732482031
1066,99.32109008543938
1067,82.46112690016162
1068,90.74517099640997
1069,127.37879377616314
1070,100.8073799016302
1071,176.5478043388094
1072,175.57150752760123
1073,179.81473637909113
1074,109.06209554553342
1075,90.62359868482181
1076,95.15072583474819
1077,129.09882805885326
1078,106.5455894833893
1079,178.71114534746116
1080,162.37810729792693
1081,171.04649168020487
1082,100.57120954125601
1083,84.24264525434599
1084,84.79308268376263
1085,123.10598143399757
1086,102.3946081718038
1087,175.57485529540898
1088,
1089,176.65107623749927
1090,
1091,167.7519501364531
1092,134.67194905517098
1093,153.65635672350575
1094,128.60960656815433
1095,165.80336139866893
1096,
1097,174.62564566985887
1098,
1099,176.0571640508406
1100,154.5282263012961
1101,171.70571733841172
1102,143.3448559016925
1103,146.5312417590369
1104,156.6159958745042
1105,157.70306675763788
1106,179.75118885275626
1107,42.71094950907658
1108,124.14996014559489
1109,82.31644787311406
1110,91.12334773655618
1111,179.8383480466553
1112,168.4838181528287
1113,158.45959482510003
1114,99.12836070987066
1115,90.73055054447256
1116,151.19306285229595
1117,95.74309991628508
1118,155.68831565199082
1119,106.44700478230456
1120,164.4999371182648
1121,
1122,97.55604495598851
1123,25.524470958038684
1124,134.12399421559093
1125,145.39101862353706
1126,137.9770038497839
1127,177.7841509461212
1128,175.86051922474078
1129,177.90515697709736
1130,93.35421638682243
1131,106.5301712818081
1132,150.99214470457937
1133,115.19099070960786
1134,179.21285334922763
1135,118.4424652792448
1136,173.15690132019574
1137,168.2371743081981
1138,112.77405600480904
1139,105.34655935653798
1140,117.37102319505428
1141,138.4716021032814
1142,113.71927773462227
1143,179.7364623379023
1144,
1145,157.5633305932807
1146,
1147,155.13165929407418
1148,113.24039330568306
1149,179.64131142753942
1150,176.79143023117504
1151,172.75695221027053
1152,171.38693437367562
1153,174.52237614264854
1154,94.4582504581424
1155,90.3216492639937
1156,117.94372454095526
1157,127.5043352800001
1158,135.27879558525007
1159,173.3276536972924
1160,176.4970049355655
1161,175.43905129820413
1162,100.69934269895879
1163,99.45635623993823
1164,157.78450003063304
1165,128.4798876018089
1166,169.8088390926583
1167,137.1754794588924
1168,171.2173944831782
1169,166.45634180836862
1170,109.71127345518968
1171,94.5386738783797
1172,114.57516049959537
1173,142.44543223283247
1174,131.69314341601626
1175,173.66265840716903
1176,179.8835133609193
1177,24.714628518360463
1178,101.4115093990913
1179,31.747607883990405
1180,117.51328834088494
1181,134.2546102926267
1182,119.89124865957538
1183,162.6659656025237
1184,168.58308383774877
1185,165.48937122754427
1186,175.92871040376934
1187,41.13936765064819
1188,147.6736542649528
1189,90.02100966042022
1190,104.00504823619086
1191,171.88256368827408
1192,177.49852806361764
1193,178.63720248597275
1194,97.51793121839786
1195,88.96634872486634
1196,96.84845348971038
1197,117.12348579916173
1198,29.362663517410432
1199,43.98501100068586
1200,172.68284981113197
1201,155.72532818740532
1202,123.93262538993062
1203,100.89522246867757
1204,83.158828225864
1205,114.47775888932821
1206,112.51624228531482
1207,174.4346868315851
1208,174.36215106170994
1209,173.25234136498818
1210,12.431689553571193
1211,9.389210227224266
1212,177.91034700486296
1213,178.3558558435905
1214,179.4388137292479
1215,177.57532586927138
1216,
1217,171.20723682907564
1218,
1219,168.48313121963668
1220,95.70732074240578
1221,170.25514497435717
1222,177.7499067560475
1223,179.07102122770524
1224,175.9412538551143
1225,177.4893921334443
1226,96.72742950475003
1227,101.26502275244368
1228,147.95178224703136
1229,125.67080687767745
1230,179.62110774489568
1231,133.07887233619883
1232,170.0411717720345
1233,177.17622769746603
1234,93.30784053313747
1235,101.35499062021006
1236,135.40788295791808
1237,110.24604484114346
1238,178.8005047094935
1239,115.36872083321386
1240,177.41464587410115
1241,177.1622228016677
1242,103.0367066963766
1243,95.89573231653277
1244,89.69091657498842
1245,132.39108834542643
1246,103.29914549619203
1247,177.3559992662736
1248,144.20483736812372
1249,154.82239931263678
1250,85.15364386677375
1251,76.29152468167447
1252,121.76630567207346
1253,157.83554789599302
1254,
1255,
1256,170.09345316514057
1257,167.0097329302678
1258,83.8476160633476
1259,93.0501663981457
1260,140.3852511318588
1261,109.97866502322348
1262,178.205266092387
1263,119.7291842929944
1264,147.1841719347914
1265,150.22391103744778
1266,144.8372686749652
1267,141.82436358302962
1268,132.59468770648638
1269,119.66400805941132
1270,164.77062196108818
1271,85.64794588309917
1272,174.83983371607104
1273,177.30006266602678
1274,105.81135780146113
1275,108.53216439588488
1276,122.81732364368995
1277,145.45023294761728
1278,128.84068663770114
1279,177.09238678118237
1280,156.6159958745042
1281,157.70306675763788
1282,179.75118885275626
1283,42.71094950907658
1284,124.14996014559489
1285,82.31644787311406
1286,91.12334773655618
1287,179.8383480466553
1288,177.49852806361764
1289,178.63720248597275
1290,97.51793121839786
1291,88.96634872486634
1292,96.84845348971038
1293,117.12348579916173
1294,29.362663517410432
1295,43.98501100068586
1296,176.4970049355655
1297,175.43905129820413
1298,100.69934269895879
1299,99.45635623993823
1300,157.78450003063304
1301,128.4798876018089
1302,169.8088390926583
1303,137.1754794588924
1304,
1305,150.75360743690905
1306,
1307,22.154361781435824
1308,122.88447109344534
1309,154.04427925071786
1310,119.99224444993553
1311,174.6380876174616
1312,173.15690132019574
1313,168.2371743081981
1314,112.77405600480904
1315,105.34655935653798
1316,117.37102319505428
1317,138.4716021032814
1318,113.71927773462227
1319,179.7364623379023
1320,173.28739268614575
1321,172.25743382124335
1322,173.49318189761084
1323,176.05861397477307
1324,114.61819490382922
1325,149.05036222150605
1326,119.23782166621461
1327,173.4409186649531
1328,163.5713537121289
1329,161.68260822816825
1330,93.33710337929759
1331,93.80511286210228
1332,127.3053977436436
1333,100.81751823757705
1334,178.5607600436211
1335,110.81197495673285
1336,
1337,176.65107623749927
1338,
1339,167.7519501364531
1340,134.67194905517098
1341,153.65635672350575
1342,128.60960656815433
1343,165.80336139866893
1344,171.5774967200232
1345,167.3394199018309
1346,176.90931123039263
1347,176.63429955024753
1348,126.61153887846099
1349,140.7175150509232
1350,114.12048630287043
1351,177.48157485164162
1352,175.68350799000555
1353,177.7078669603414
1354,109.64301127000306
1355,86.93129750374312
1356,105.06291505104329
1357,139.13695428720243
1358,123.12288679345444
1359,177.27005915899414
1360,170.0411717720345
1361,177.17622769746603
1362,93.30784053313747
1363,101.35499062021006
1364,135.40788295791808
1365,110.24604484114346
1366,178.8005047094935
1367,115.36872083321386
1368,179.8708182959285
1369,162.61930045195487
1370,110.84130792838837
1371,97.10740952452439
1372,120.95810429868757
1373,148.6160960293357
1374,134.59304031368026
1375,178.3812563369785
1376,169.30366515980322
1377,166.93137875336123
1378,117.94158021979906
1379,76.9734937282354
1380,124.73845735308319
1381,158.604192664451
1382,141.3218647304808
1383,177.01837308523486
1384,
1385,161.84542749607584
1386,
1387,161.2885407001662
1388,124.09140844078856
1389,117.25327682123486
1390,171.1900407049922
1391,111.46346296452978
1392,175.52080080537067
1393,172.56532843316785
1394,90.14360141330843
1395,105.24537907464311
1396,161.92160721123847
1397,123.31194394644359
1398,179.09406846055415
1399,134.48273451031483
1400,
1401,167.53439672131452
1402,
1403,178.6395489611467
1404,115.1313080080846
1405,146.72279294358066
1406,104.87585968498263
1407,175.01355723844515
1408,155.54827224563908
1409,
1410,157.36204983255422
1411,
1412,178.89397199968116
1413,94.01254685940981
1414,164.49102633432307
1415,164.07580932330177
1416,172.07656369034325
1417,
1418,164.05957971597343
1419,
1420,114.94914128824055
1421,99.49029869515401
1422,171.8317326719071
1423,85.92181275151906
1424,177.68810167375756
1425,163.0610580819401
1426,48.94534613318029
1427,86.89963926458748
1428,126.03716232059554
1429,105.25194499899199
1430,176.55234323554603
1431,99.56717708003765
1432,166.25933762866813
1433,179.86244376134775
1434,91.4260140694541
1435,100.42905471673485
1436,141.23922822457862
1437,105.7451983901606
1438,176.37114480097628
1439,99.71952921768322
1440,156.55302423675428
1441,157.48242182646442
1442,79.62357499372008
1443,85.73267717833698
1444,131.69988705992165
1445,148.1407062470787
1446,137.91145527902535
1447,177.7447669389395
1448,
1449,179.23293434238187
1450,
1451,90.99080465121875
1452,153.06123344522277
1453,110.37112348913877
1454,177.97010911121455
1455,102.3661346576713
1456,175.20831689419276
1457,175.1324262870182
1458,99.86236647032598
1459,101.97618479811192
1460,102.41425488680846
1461,126.04420571191861
1462,114.69290738782138
1463,178.1803191183751
1464,167.95261846622907
1465,173.04359165288074
1466,45.552720832860935
1467,131.548006186591
1468,
1469,
1470,
1471,
1472,162.88038611078906
1473,168.44960514567123
1474,115.43357229696008
1475,80.61336449549246
1476,129.54867169575755
1477,153.22527933407758
1478,144.6924229580052
1479,178.2694689402495
1480,173.21770124976555
1481,164.17785274450156
1482,100.47404636158831
1483,120.14349382736467
1484,150.81281703645683
1485,144.9905216606852
1486,177.92980327461834
1487,133.44751151763253
1488,175.48911605603053
1489,155.2495991431228
1490,91.64967223340847
1491,89.35131182478693
1492,139.9728448438825
1493,103.73208446523526
1494,179.42162075240105
1495,111.43336432063484
1496,174.02907968686966
1497,179.58279678591362
1498,105.6423124818289
1499,106.61002136540648
1500,118.526638375011
1501,142.27203725174542
1502,126.16900871841008
1503,175.6399462612281
1504,179.5109640561972
1505,177.49952593020274
1506,97.35077171149294
1507,103.09857876252275
1508,119.29619184230845
1509,90.2073692188398
1510,175.835407783683
1511,101.5531672909695
1512,158.64379247503726
1513,176.22495674516836
1514,84.64520035226363
1515,99.1330186841856
1516,84.9610483187787
1517,133.19561705755166
1518,100.42201280602809
1519,179.48006961656444
1520,179.10707380650564
1521,177.6583690632738
1522,101.5185385712494
1523,83.0225596696594
1524,110.06037892307825
1525,125.93508249732282
1526,126.45213827276065
1527,179.1312095131242
1528,178.2920981123856
1529,179.71994132503409
1530,122.2553259358213
1531,106.33778672951041
1532,104.97124389418377
1533,147.0322856717155
1534,
1535,
1536,172.23078459075685
1537,
1538,173.80411711617884
1539,
1540,129.33056378555912
1541,106.77260405399467
1542,179.11274593010086
1543,99.54557851605995
1544,172.81345999460518
1545,175.82736412345352
1546,81.99347720538283
1547,108.15689641462517
1548,106.04163210130145
1549,110.11580939633009
1550,121.07121276520823
1551,179.15183226044735
1552,121.78568904163535
1553,173.6676849331445
1554,173.08791745456526
1555,64.02879657787624
1556,138.53873203924917
1557,78.86583426722376
1558,93.31746210808308
1559,178.89429233106281
1560,179.44012320329173
1561,176.05378069266524
1562,109.42282671162982
1563,102.7352854678886
1564,98.11849300237935
1565,131.3372351479978
1566,117.35356463983652
1567,177.19626703300418
1568,170.90169174228828
1569,168.7896366472064
1570,100.1295962164414
1571,38.13309454911049
1572,121.49082227991467
1573,83.41426786253578
1574,171.040657751205
1575,97.67934764448958
1576,178.2920981123856
1577,179.71994132503409
1578,122.2553259358213
1579,106.33778672951041
1580,104.97124389418377
1581,147.0322856717155
1582,
1583,
1584,177.93672716042656
1585,172.98054901646685
1586,101.80731198441077
1587,92.26198094441553
1588,95.2639473218938
1589,146.16443390330735
1590,93.53233159062536
1591,151.56080317457875
1592,174.53008579426563
1593,176.21388522989048
1594,99.37236931582459
1595,94.5014592501971
1596,103.2381412773787
1597,138.47810289362855
1598,107.67213453466111
1599,177.56110024601634
1600,
1601,171.52033967006346
1602,
1603,174.97840671443382
1604,77.83534410733536
1605,135.14366539581775
1606,64.24581475396762
1607,144.86163528063798
1608,179.10707380650564
1609,177.6583690632738
1610,101.5185385712494
1611,83.0225596696594
1612,110.06037892307825
1613,125.93508249732282
1614,126.45213827276065
1615,179.1312095131242
1616,158.64379247503726
1617,176.22495674516836
1618,84.64520035226363
1619,99.1330186841856
1620,84.9610483187787
1621,133.19561705755166
1622,100.42201280602809
1623,179.48006961656444
1624,177.99467414478377
1625,175.66997946466722
1626,111.9735557947883
1627,96.1705740812227
1628,84.7832701711414
1629,119.2746032745397
1630,102.33783883216013
1631,176.08601690219675
1632,167.67481019674526
1633,164.0290945736335
1634,84.37442409441668
1635,99.52375113978206
1636,128.48009013569774
1637,93.13013885226496
1638,175.48474620257244
1639,98.35949168517146
1640,178.37707319988647
1641,177.34153800481118
1642,68.57382225815249
1643,109.13641021672495
1644,134.60157765699293
1645,111.290615144632
1646,178.71159106462702
1647,132.92568698747206
1648,176.22011963553888
1649,166.72319046382583
1650,98.41486913443231
1651,98.00502775822294
1652,121.81905491919886
1653,151.7380590536377
1654,130.9318791275975
1655,175.7386519311654
1656,179.27569246718997
1657,170.66748984040132
1658,109.55453430563875
1659,102.39004840085039
1660,121.44333986629726
1661,146.87361814387367
1662,122.41720859087205
1663,178.17637235893375
1664,169.35579733863256
1665,173.51491523339038
1666,87.36264991724754
1667,95.75872099018325
1668,135.1627530694914
1669,116.17632366130223
1670,171.88375130967486
1671,101.75029016717434
1672,176.90567237393745
1673,174.32802964894339
1674,93.42957285617157
1675,97.17393852796081
1676,94.0453590085146
1677,122.0618313392475
1678,103.59779586384126
1679,177.7606278442137
1680,172.62417624614028
1681,160.44115921949538
1682,100.34505336695241
1683,89.72825888885473
1684,86.95819837396249
1685,139.84262317760465
1686,94.12377626866059
1687,173.04602770885856
1688,175.7761037447369
1689,178.23370945741607
1690,108.09066395558423
1691,91.20053716825782
1692,84.30805715497019
1693,131.24495612760634
1694,101.5239112165425
1695,178.4270829732044
1696,
1697,159.74363090011227
1698,
1699,176.33740602874823
1700,103.36677547628904
1701,130.95533119874577
1702,98.57347054234599
1703,178.22349418839596
1704,161.06208595881748
1705,152.23367839533182
1706,86.08708011382308
1707,81.0966501213429
1708,132.8682934629558
1709,151.30347475182583
1710,144.5039631144303
1711,178.10646646368556
1712,173.04916513299145
1713,173.20369365679375
1714,89.95507955362241
1715,84.11592571120502
1716,110.32069642811837
1717,128.66596216088115
1718,119.40649549158758
1719,175.27475444439997
1720,178.25749987168692
1721,177.22276089620522
1722,100.26408243670181
1723,104.22875339103683
1724,137.9072234096188
1725,96.47848261632674
1726,176.3311411517932
1727,107.27503560431036
1728,172.4095793877688
1729,152.48496902314605
1730,109.96247357542592
1731,36.982700331780606
1732,148.19660602503188
1733,176.53910065134474
1734,
1735,
1736,178.57382728718508
1737,177.95397471468746
1738,101.28934686822484
1739,101.911593365346
1740,91.2897629355785
1741,114.17057358011397
1742,118.57785188665991
1743,179.09640927568861
1744,161.06208595881748
1745,152.23367839533182
1746,86.08708011382308
1747,81.0966501213429
1748,132.8682934629558
1749,151.30347475182583
1750,144.5039631144303
1751,178.10646646368556
1752,173.04916513299145
1753,173.20369365679375
1754,89.95507955362241
1755,84.11592571120502
1756,110.32069642811837
1757,128.66596216088115
1758,119.40649549158758
1759,175.27475444439997
1760,178.57382728718508
1761,177.95397471468746
1762,101.28934686822484
1763,101.911593365346
1764,91.2897629355785
1765,114.17057358011397
1766,118.57785188665991
1767,179.09640927568861
1768,178.25749987168692
1769,177.22276089620522
1770,100.26408243670181
1771,104.22875339103683
1772,137.9072234096188
1773,96.47848261632674
1774,176.3311411517932
1775,107.27503560431036
1776,172.4095793877688
1777,152.48496902314605
1778,109.96247357542592
1779,36.982700331780606
1780,148.19660602503188
1781,176.53910065134474
1782,
1783,
1784,177.5461006107404
1785,179.98754947786182
1786,96.09052495052043
1787,90.52183375149367
1788,115.61349419729925
1789,130.01992886939266
1790,120.93136474504566
1791,179.25567115281646
1792,
1793,169.54050618913163
1794,
1795,172.96814834187697
1796,90.65750685721306
1797,126.47542157819174
1798,88.55071768241163
1799,171.66679633398363
1800,154.91143649657414
1801,156.30756143361126
1802,91.03039831044283
1803,73.24108292294939
1804,103.14705974793162
1805,138.4207455830047
1806,121.269462258078
1807,174.47513140382063
1808,
1809,160.21923896634058
1810,
1811,161.44332347419848
1812,172.82111652991244
1813,109.61746579492188
1814,161.53388405479163
1815,169.7822714800563
1816,176.70928325857585
1817,172.70007747331977
1818,111.9931216278236
1819,99.35006896775066
1820,96.29735351039511
1821,123.99163353551396
1822,111.47948574335243
1823,170.8619884640151
1824,178.2347243589639
1825,174.34385230300052
1826,98.69215216556665
1827,95.835485408878
1828,97.90694549248082
1829,138.8347890211514
1830,113.76670233623963
1831,171.53917433384183
1832,177.08057061087968
1833,177.8779539741598
1834,95.81124960582136
1835,87.6813609284363
1836,110.21122000087644
1837,125.45716490733469
1838,119.67877892413796
1839,173.95629320906215
1840,174.55369777736416
1841,173.97482298982226
1842,94.98744527055612
1843,100.95218183267002
1844,132.2008346500822
1845,95.61351835014699
1846,178.55939213713785
1847,104.87280029189475
1848,179.45254789083472
1849,170.54869755565667
1850,95.59015934987086
1851,95.24154792819998
1852,124.84264132248227
1853,96.33811533066552
1854,177.6574358804988
1855,104.5744927986463
1856,171.24582097789207
1857,164.44635505302745
1858,30.561392911543884
1859,161.0976873277443
1860,113.35988047366551
1861,142.6198671365104
1862,168.09546978325412
1863,123.94795584881595
1864,171.20407358348072
1865,15.710648076599774
1866,83.81093300215373
1867,90.36981224071991
1868,118.58405292591365
1869,159.55694671767822
1870,
1871,
1872,167.7396160588763
1873,164.9419893031762
1874,92.57608383829587
1875,83.04519907577303
1876,110.18675961654704
1877,137.29335128889454
1878,123.49356796049986
1879,179.31935103591567
1880,168.51997698932598
1881,175.92945023102317
1882,100.77459467579335
1883,99.09314511235897
1884,87.01999895982681
1885,122.57572052231049
1886,94.0253755378177
1887,175.89135552943634
1888,179.2911327426266
1889,174.44871475624285
1890,19.79158409780103
1891,171.25480219185684
1892,141.93356347733013
1893,136.81521003887283
1894,179.0103827954555
1895,134.40599645370153
1896,178.7797658356045
1897,174.52739013546622
1898,106.17108205139705
1899,93.31376916117391
1900,103.77882621303684
1901,134.96675850416625
1902,117.20608927410754
1903,179.82108189237977
1904,99.78665705632827
1905,179.21237426184393
1906,4.932889942966422
1907,172.4521030826487
1908,123.56493732547926
1909,131.52900625478514
1910,179.25129535538173
1911,119.1920632435201
1912,162.66006467467164
1913,172.89890621533127
1914,97.16462695178325
1915,88.10095332913761
1916,153.0599056929977
1917,122.63030899682887
1918,
1919,
1920,175.00038192817607
1921,178.60304105332463
1922,85.02152300550564
1923,95.57924458752119
1924,118.25922336492192
1925,145.9387597156425
1926,126.6512079885339
1927,176.4532669122675
1928,177.94775432590095
1929,170.069505417367
1930,70.75234294737746
1931,133.03015958532959
1932,23.505764376720208
1933,178.89948820052064
1934,96.12302656191578
1935,178.0574744403043
1936,152.12764552620382
1937,89.32378659449071
1938,41.82166114292212
1939,35.41498858575188
1940,133.56287196579433
1941,161.13320942611332
1942,147.4210777799282
1943,178.0954020007974
1944,175.87478889885105
1945,178.54721704497842
1946,100.90601367134008
1947,95.22435384765727
1948,114.9580958063789
1949,139.610923058752
1950,115.6914447213039
1951,175.24275842530633
1952,171.4958022579468
1953,179.08166336596543
1954,109.54235616131788
1955,94.66040051452055
1956,86.50436478631457
1957,129.67356271393655
1958,114.62338970915879
1959,173.7962965288164
1960,172.96329266117732
1961,171.65798505818208
1962,104.44659082333885
1963,96.56568655617862
1964,103.54400089914287
1965,138.2644463720375
1966,119.48551972530849
1967,178.3110448604418
